Instrument,HoldRollCycle,RollOffsetDays,CarryOffset,PricedRollCycle,ExpiryOffset
30YRCONF,FGHJKMNQUVXZ,-5.0,1,FGHJKMNQUVXZ,11.0
30YRJUMBO,FGHJKMNQUVXZ,-5.0,1,FGHJKMNQUVXZ,9.0
AEX,FGHJKMNQUVXZ,-5.0,1,FGHJKMNQUVXZ,19.0
AEX_mini,FGHJKMNQUVXZ,-5.0,1,FGHJKMNQUVXZ,19.0
ALUMINIUM,FGHJKMNQUVXZ,-45.0,1,FGHJKMNQUVXZ,14.0
ALUMINIUM_LME,FGHJKMNQUVXZ,-45.0,1,FGHJKMNQUVXZ,14.0
AMERIBOR-1M,FGHJKMNQUVXZ,-5.0,1,FGHJKMNQUVXZ,26.0
AMERIBOR-3M,FGHJKMNQUVXZ,-5.0,1,FGHJKMNQUVXZ,26.0
AMERIBOR-T30,FGHJKMNQUVXZ,-5.0,1,FGHJKMNQUVXZ,26.0
AMX,FGHJKMNQUVXZ,-5.0,1,FGHJKMNQUVXZ,14.0
ASX,FGHJKMNQUVXZ,-5.0,1,FGHJKMNQUVXZ,18.0
ATX,HMUZ,-5.0,1,HMUZ,16.0
AUD,HMUZ,-5.0,1,HMUZ,17.0
AUD-ICE,HMUZ,-5.0,1,HMUZ,16.0
AUD-SGX,FGHJKMNQUVXZ,-5.0,1,FGHJKMNQUVXZ,12.0
AUDCAD,HMUZ,-5.0,1,HMUZ,16.0
AUDJPY,HMUZ,-5.0,1,HMUZ,17.0
AUDJPY-SGX,FGHJKMNQUVXZ,-5.0,1,FGHJKMNQUVXZ,13.0
AUD_micro,HMUZ,-5.0,1,HMUZ,17.0
AUSCASH,FGHJKMNQUVXZ,-20.0,1,FGHJKMNQUVXZ,30.0
BARLEY,FHKNUX,-5.0,1,FHKNUX,14.0
BB3M,HMUZ,-90.0,-1,HMUZ,15.0
BBCOMM,HMUZ,-5.0,1,HMUZ,15.0
BEL20,FGHJKMNQUVXZ,-5.0,1,FGHJKMNQUVXZ,15.0
BITCOIN,FGHJKMNQUVXZ,-4.0,1,FGHJKMNQUVXZ,26.0
BITCOIN-BAKKT,FGHJKMNQUVXZ,-5.0,1,FGHJKMNQUVXZ,28.0
BOBL,HMUZ,-5.0,1,HMUZ,6.0
BONO,HMUZ,-5.0,1,HMUZ,6.0
BONO-MEFF,HMUZ,-5.0,1,HMUZ,13.0
BONO10,HMUZ,-5.0,1,HMUZ,28.0
BONO3,HMUZ,-5.0,1,HMUZ,25.0
BOVESPA,GJMQVZ,-5.0,1,GJMQVZ,15.0
BRE,FGHJKMNQUVXZ,-5.0,1,FGHJKMNQUVXZ,17.0
BRENT,FGHJKMNQUVXZ,-5.0,1,FGHJKMNQUVXZ,19.0
BRENT-LAST,FGHJKMNQUVXZ,-40.0,-1,FGHJKMNQUVXZ,-32.0
BRENT_W,FGHJKMNQUVXZ,-40.0,-1,FGHJKMNQUVXZ,14.0
BRR,FGHJKMNQUVXZ,-5.0,1,FGHJKMNQUVXZ,26.0
BRREUR,FGHJKMNQUVXZ,-5.0,1,FGHJKMNQUVXZ,21.0
BTP,HMUZ,-5.0,1,HMUZ,6.0
BTP3,HMUZ,-5.0,1,HMUZ,10.0
BTP5,HMUZ,-5.0,1,HMUZ,10.0
BUND,HMUZ,-5.0,1,HMUZ,6.0
BUTTER,FGHJKMNQUVXZ,-40.0,-1,FGHJKMNQUVXZ,15.0
BUXL,HMUZ,-5.0,1,HMUZ,6.0
CAC,FGHJKMNQUVXZ,-5.0,1,FGHJKMNQUVXZ,20.0
CAD,HMUZ,-5.0,1,HMUZ,17.0
CAD10,HMUZ,-20.0,1,HMUZ,20.0
CAD2,HMUZ,-20.0,1,HMUZ,20.0
CAD5,HMUZ,-20.0,1,HMUZ,20.0
CADJPY,HMUZ,-5.0,1,HMUZ,17.0
CADJPY2,HMUZ,-5.0,1,HMUZ,16.0
CADSTIR,HMUZ,-200.0,-1,FGHJKMNQUVXZ,15.0
CAD_micro,HMUZ,-5.0,1,HMUZ,17.0
CAN-ENERGY,HMUZ,-5.0,1,HMUZ,16.0
CAN-FINANCE,HMUZ,-5.0,1,HMUZ,15.0
CAN-GOLD,HMUZ,-5.0,1,HMUZ,16.0
CAN-TECH,HMUZ,-5.0,1,HMUZ,16.0
CANOLA,FHKNX,-60.0,-1,FHKNX,13.0
CETES,FGHJKMNQUVXZ,-5.0,1,FGHJKMNQUVXZ,13.0
CH10,HMUZ,-5.0,1,HMUZ,6.0
CHEESE,FGHJKMNQUVXZ,-40.0,-1,FGHJKMNQUVXZ,15.0
CHF,HMUZ,-5.0,1,HMUZ,17.0
CHFJPY,HMUZ,-5.0,1,HMUZ,17.0
CHFJPY-ICE,HMUZ,-5.0,1,HMUZ,16.0
CHF_micro,HMUZ,-5.0,1,HMUZ,17.0
CHINA120,FGHJKMNQUVXZ,-5.0,1,FGHJKMNQUVXZ,28.0
CHINAA-CON,FGHJKMNQUVXZ,-5.0,1,FGHJKMNQUVXZ,18.0
CLP,FGHJKMNQUVXZ,-5.0,1,FGHJKMNQUVXZ,1.0
CNH,FGHJKMNQUVXZ,-10.0,1,FGHJKMNQUVXZ,15.0
CNH-CME,FGHJKMNQUVXZ,-5.0,1,FGHJKMNQUVXZ,19.0
CNH-CME_micro,FGHJKMNQUVXZ,-5.0,1,FGHJKMNQUVXZ,19.0
CNH-HK,FGHJKMNQUVXZ,-5.0,1,FGHJKMNQUVXZ,17.0
CNH-onshore,FGHJKMNQUVXZ,-5.0,1,FGHJKMNQUVXZ,15.0
CNHEUR,FGHJKMNQUVXZ,-5.0,1,FGHJKMNQUVXZ,19.0
COAL,FGHJKMNQUVXZ,-90.0,-1,FGHJKMNQUVXZ,24.0
COAL-GEORDIE,FGHJKMNQUVXZ,-90.0,-1,FGHJKMNQUVXZ,27.0
COAL-RICH-BAY,FGHJKMNQUVXZ,-90.0,-1,FGHJKMNQUVXZ,27.0
COCOA,HKNUZ,-50.0,-1,HKNUZ,13.0
COCOA_LDN,HKNUZ,-50.0,-1,HKNUZ,13.0
COFFEE,HKNUZ,-50.0,-1,HKNUZ,19.0
COPPER,HNUZ,-30.0,1,FHJMNUVZ,27.0
COPPER-micro,HKNUZ,-30.0,1,FGHJKMNQUVXZ,15.0
COPPER-mini,HKNUZ,-30.0,1,HKNUZ,27.0
COPPER_LME,FGHJKMNQUVXZ,-45.0,1,FGHJKMNQUVXZ,14.0
CORN,Z,-60.0,-1,HKNUZ,14.0
CORN-EURO,HMQX,-35.0,-1,HMQX,6.0
CORN-JPN,FHKNUX,-5.0,1,FHKNUX,21.0
CORN_mini,HKNUZ,-30.0,1,HKNUZ,14.0
CORRA,HMUZ,-180.0,-1,HMUZ,19.0
COTTON,HKNVZ,-5.0,1,HKNVZ,15.0
COTTON2,HKNZ,-60.0,-1,HKNVZ,6.0
CRUDE_ICE,FGHJKMNQUVXZ,-5.0,1,FGHJKMNQUVXZ,16.0
CRUDE_W,Z,-40.0,-1,FGHJKMNQUVXZ,-11.0
CRUDE_W_micro,FGHJKMNQUVXZ,-40.0,-1,FGHJKMNQUVXZ,-11.0
CRUDE_W_mini,FGHJKMNQUVXZ,-40.0,-1,FGHJKMNQUVXZ,-11.0
DAX,HMUZ,-5.0,1,HMUZ,15.0
DIVDAX,HMUZ,-5.0,1,HMUZ,19.0
DIVDAX-DIVI,HMUZ,-5.0,1,HMUZ,15.0
DIVDAX-DIVI2,Z,-5.0,1,Z,20.0
DJSTX-SMALL,HMUZ,-10.0,1,HMUZ,18.0
DJUBS,FGHJMNQUVXZ,-5.0,1,FGHJMNQUVXZ,18.0
DOW,HMUZ,-5.0,1,HMUZ,15.0
DOW_YEN,HMUZ,-5.0,1,HMUZ,17.0
DOW_mini,HMUZ,-5.0,1,HMUZ,15.0
DX,HMUZ,-30.0,1,HMUZ,13.0
EDOLLAR,HMUZ,-1100.0,-1,HMUZ,18.0
EPRA-EURO,HMU,-5.0,1,HMU,19.0
EPRA-EUROPE,HMUZ,-5.0,1,HMUZ,13.0
ETHANOL,FGHJKMNQUVXZ,-5.0,1,FGHJKMNQUVXZ,-11.0
ETHER-micro,FGHJKMNQUVXZ,-5.0,1,FGHJKMNQUVXZ,15.0
ETHEREUM,FGHJKMNQUVXZ,-5.0,1,FGHJKMNQUVXZ,15.0
ETHRR,FGHJKMNQUVXZ,-5.0,1,FGHJKMNQUVXZ,20.0
ETHRREUR,FGHJKMNUXZ,-5.0,1,FGHJKMNUXZ,20.0
EU-AUTO,HMUZ,-5.0,1,HMUZ,15.0
EU-BANKS,HMUZ,-10.0,1,HMUZ,18.0
EU-BANKS-DIVI,MZ,-5.0,1,MZ,19.0
EU-BANKS2,HMUZ,-5.0,1,HMUZ,20.0
EU-BASIC,HMUZ,-5.0,1,HMUZ,15.0
EU-CHEM,HMUZ,-10.0,1,HMUZ,18.0
EU-CONSTRUCTION,HMUZ,-10.0,1,HMUZ,18.0
EU-DIV30,HMUZ,-5.0,1,HMUZ,15.0
EU-DIV30-DVP,Z,-5.0,1,Z,19.0
EU-DIV50,MZ,-60.0,1,MZ,15.0
EU-DJ-AUTO,HMUZ,-5.0,1,HMUZ,14.0
EU-DJ-BASIC,HMUZ,-5.0,1,HMUZ,16.0
EU-DJ-CHEM,HMUZ,-5.0,1,HMUZ,17.0
EU-DJ-CONSTRUCTION,HMUZ,-5.0,1,HMUZ,18.0
EU-DJ-FINANCE,HMUZ,-5.0,1,HMUZ,19.0
EU-DJ-FOOD,HMUZ,-5.0,1,HMUZ,15.0
EU-DJ-HEALTH,HMUZ,-5.0,1,HMUZ,14.0
EU-DJ-HOUSE,HMUZ,-5.0,1,HMUZ,18.0
EU-DJ-INDUSTRY,HMUZ,-5.0,1,HMUZ,20.0
EU-DJ-INDUSTRY2,HMUZ,-5.0,1,HMUZ,14.0
EU-DJ-INSURE,HMUZ,-5.0,1,HMUZ,17.0
EU-DJ-MEDIA,HMUZ,-5.0,1,HMUZ,17.0
EU-DJ-OIL,HMUZ,-5.0,1,HMUZ,15.0
EU-DJ-RETAIL,HMUZ,-5.0,1,HMUZ,19.0
EU-DJ-TECH,HMUZ,-5.0,1,HMUZ,15.0
EU-DJ-TELECOM,HMUZ,-5.0,1,HMUZ,15.0
EU-DJ-TRAVEL,HMUZ,-5.0,1,HMUZ,16.0
EU-DJ-UTIL,HMUZ,-5.0,1,HMUZ,15.0
EU-ESG,HMUZ,-5.0,1,HMUZ,18.0
EU-FINANCE,HMUZ,-5.0,1,HMUZ,17.0
EU-FOOD,HMUZ,-5.0,1,HMUZ,15.0
EU-HEALTH,HMUZ,-5.0,1,HMUZ,15.0
EU-HOUSE,HMUZ,-5.0,1,HMUZ,15.0
EU-INSURE,HMUZ,-10.0,1,HMUZ,18.0
EU-MEDIA,HMUZ,-5.0,1,HMUZ,15.0
EU-MID,HMUZ,-5.0,1,HMUZ,15.0
EU-OIL,HMUZ,-5.0,1,HMUZ,15.0
EU-REALESTATE,HMUZ,-5.0,1,HMUZ,15.0
EU-RETAIL,HMUZ,-5.0,1,HMUZ,15.0
EU-TECH,HMUZ,-5.0,1,HMUZ,15.0
EU-TELECOM,HMUZ,-5.0,1,HMUZ,19.0
EU-TRAVEL,HMUZ,-5.0,1,HMUZ,15.0
EU-UTILS,HMUZ,-5.0,1,HMUZ,15.0
EUA,Z,-270.0,-1,HMUZ,14.0
EUIRS10,HMUZ,-5.0,1,HMUZ,16.0
EUIRS2,HMUZ,-5.0,1,HMUZ,15.0
EUIRS5,HMUZ,-5.0,1,HMUZ,15.0
EUR,HMUZ,-5.0,1,HMUZ,17.0
EUR-ICE,HMUZ,-5.0,1,HMUZ,17.0
EURAUD,HMUZ,-5.0,1,HMUZ,17.0
EURAUD-ICE,HMUZ,-5.0,1,HMUZ,17.0
EURCAD,HMUZ,-5.0,1,HMUZ,15.0
EURCAD-ICE,HMUZ,-5.0,1,HMUZ,17.0
EURCHF,HMUZ,-5.0,1,HMUZ,17.0
EURCHF-ICE,HMUZ,-5.0,1,HMUZ,20.0
EURCZK,HMUZ,-5.0,1,HMUZ,20.0
EURHUF,HMUZ,-5.0,1,HMUZ,17.0
EURIBOR,HMUZ,-700.0,-1,HMUZ,15.0
EURIBOR-ICE,HMUZ,-700.0,-1,HMUZ,15.0
EURINR,FGHJKMNQUVXZ,-5.0,1,FGHJKMNQUVXZ,18.0
EURMXP,FGHJKMNQUVXZ,-5.0,1,FGHJKMNQUVXZ,15.0
EURO600,HMUZ,-5.0,1,HMUZ,15.0
EURO600-ESG,HMUZ,-5.0,1,HMUZ,21.0
EUROFIRST100,HMU,-5.0,1,HMU,19.0
EUROFIRST80,HMU,-5.0,1,HMU,19.0
EUROSTX,HMUZ,-5.0,1,HMUZ,15.0
EUROSTX-CORE,HMUZ,-5.0,1,HMUZ,20.0
EUROSTX-DJ,HMUZ,-5.0,1,HMUZ,21.0
EUROSTX-LARGE,HMUZ,-5.0,1,HMUZ,15.0
EUROSTX-MID,HMUZ,-5.0,1,HMUZ,18.0
EUROSTX-PRICE,HMUZ,-5.0,1,HMUZ,19.0
EUROSTX-SMALL,HMUZ,-5.0,1,HMUZ,15.0
EUROSTX200-LARGE,HMUZ,-5.0,1,HMUZ,15.0
EUR_micro,HMUZ,-5.0,1,HMUZ,17.0
EUR_mini,HMUZ,-5.0,1,HMUZ,17.0
FANG,HMUZ,-5.0,1,HMUZ,16.0
FED,FGHJKMNQUVXZ,-180.0,-1,FGHJKMNQUVXZ,15.0
FEEDCOW,FHJKQUVX,-90.0,-1,FHJKQUVX,15.0
FTSE100,HMUZ,-30.0,1,HMUZ,17.0
FTSE100-DIV,HMUZ,-30.0,1,HMUZ,17.0
FTSE250,HMUZ,-5.0,1,HMUZ,15.0
FTSECHINAA,FGHJKMNQUVXZ,-10.0,1,FGHJKMNQUVXZ,15.0
FTSECHINAA-CSOP,FGHJKMNQUVXZ,-10.0,1,FGHJKMNQUVXZ,28.0
FTSECHINAA-IS,FGHJKMNQUVXZ,-5.0,1,FGHJKMNQUVXZ,25.0
FTSECHINAH,FGHJKMNQUVXZ,-5.0,1,FGHJKMNQUVXZ,14.0
FTSEINDO,FGHJKMNQUVXZ,-10.0,1,FGHJKMNQUVXZ,18.0
FTSETAIWAN,FGHJKMNQUVXZ,-10.0,1,FGHJKMNQUVXZ,15.0
FTSEVIET,FGHJKMNQUVXZ,-10.0,1,FGHJKMNQUVXZ,15.0
GAS-LAST,FGHJKMNQUVXZ,-35.0,-1,FGHJKMNQUVXZ,-5.0
GAS-PEN,FGHJKMNQUVXZ,-35.0,-1,FGHJKMNQUVXZ,-5.0
GASOIL,FGHJKMNQUVXZ,-60.0,-1,FGHJKMNQUVXZ,12.0
GASOILINE,FGHJKMNQUVXZ,-60.0,-1,FGHJKMNQUVXZ,14.0
GASOILINE_ICE,FGHJKMNQUVXZ,-5.0,1,FGHJKMNQUVXZ,20.0
GASOILINE_micro,FGHJKMNQUVXZ,-30.0,1,FGHJKMNQUVXZ,14.0
GAS_NL,HMUZ,-60.0,-1,HMUZ,-4.0
GAS_UK,HMUZ,-60.0,-1,HMUZ,-4.0
GAS_US,FGHJKMNQUVXZ,-35.0,-1,FGHJKMNQUVXZ,-4.0
GAS_US_mini,FGHJKMNQUVXZ,-35.0,-1,FGHJKMNQUVXZ,-4.0
GBP,HMUZ,-5.0,1,HMUZ,17.0
GBP-ICE,HMUZ,-5.0,1,HMUZ,15.0
GBPCHF,HMUZ,-5.0,1,HMUZ,17.0
GBPCHF-ICE,HMUZ,-5.0,1,HMUZ,18.0
GBPEUR,HMUZ,-5.0,1,HMUZ,15.0
GBPEUR-ICE,HMUZ,-5.0,1,HMUZ,15.0
GBPINR,FGHJKMNQUVXZ,-20.0,1,FGHJKMNQUVXZ,20.0
GBPJPY,HMUZ,-5.0,1,HMUZ,15.0
GBPJPY-ICE,HMUZ,-5.0,1,HMUZ,16.0
GBP_micro,HMUZ,-5.0,1,HMUZ,17.0
GICS,FGHJKMNQUVXZ,-10.0,1,FGHJKMNQUVXZ,15.0
GICS-EXCESS,FGHJKMUXZ,-5.0,1,FGHJKMUXZ,18.0
GILT,HMUZ,-5.0,1,HMUZ,28.0
GILT2,HMUZ,-5.0,1,HMUZ,26.0
GILT5,HMUZ,-5.0,1,HMUZ,23.0
GOLD,GJMQVZ,-30.0,1,GJMQVZ,26.0
GOLD-CHINA,FGHJKMNQUVXZ,-5.0,1,FGHJKMNQUVXZ,29.0
GOLD-CHINA-USD,FGHJMQVZ,-5.0,1,FGHJMQVZ,26.0
GOLD-CN-HK,FGHJKMNQUVXZ,-5.0,1,FGHJKMNQUVXZ,14.0
GOLD-HK,FGHJKMNQUVXZ,-5.0,1,FGHJKMNQUVXZ,17.0
GOLD-JPN,GJMQVZ,-5.0,1,GJMQVZ,22.0
GOLD-JPN_mini,GJMQVZ,-5.0,1,GJMQVZ,20.0
GOLD-mini,GJMQVZ,-30.0,1,GJMQVZ,26.0
GOLD_micro,GJMQVZ,-30.0,1,GJMQVZ,26.0
HANG,FGHJKMNQUVXZ,-5.0,1,FGHJKMNQUVXZ,26.0
HANG-DIV,Z,-250.0,-1,Z,26.0
HANGTECH,FGHJKMNQUVXZ,-5.0,1,FGHJKMNQUVXZ,25.0
HANGENT,FGHJKMNQUVXZ,-5.0,1,FGHJKMNQUVXZ,28.0
HANGENT-GTR,FGHJKMNQUVXZ,-5.0,1,FGHJKMNQUVXZ,23.0
HANGENT-NTR,FGHJKMNQUVXZ,-5.0,1,FGHJKMNQUVXZ,25.0
HANGENT_mini,FGHJKMNQUVXZ,-10.0,1,FGHJKMNQUVXZ,28.0
HANG_mini,FGHJKMNQUVXZ,-5.0,1,FGHJKMNQUVXZ,23.0
HEAT-DEG-AMS,FGHJVXZ,-5.0,1,FGHJVXZ,20.0
HEAT-DEG-LON,FGHJVXZ,-5.0,1,FGHJVXZ,20.0
HEAT-DEG-NY,FGHJVXZ,-5.0,1,FGHJVXZ,20.0
HEATOIL,FGHJKMNQUVXZ,-60.0,-1,FGHJKMNQUVXZ,14.0
HEATOIL-ICE,FGHJKMNQUVXZ,-5.0,1,FGHJKMNQUVXZ,26.0
HEATOIL-mini,FGHJKMNQUVXZ,-30.0,1,FGHJKMNQUVXZ,14.0
HEATOIL_micro,FGHJKMNQUVXZ,-5.0,1,FGHJKMNQUVXZ,24.0
HIBOR,FGHJKMNQUVXZ,-5.0,1,FGHJKMNQUVXZ,16.0
HIGHYIELD,FGHJKMNQUVXZ,-5.0,1,FGHJKMNQUVXZ,3.0
HOUSE-BO,GKQX,-5.0,1,GKQX,19.0
HOUSE-CG,GKQX,-5.0,1,GKQX,26.0
HOUSE-DC,GKQX,-5.0,1,GKQX,22.0
HOUSE-DN,GKQX,-5.0,1,GKQX,19.0
HOUSE-LA,GKQX,-5.0,1,GKQX,23.0
HOUSE-LV,GKQX,-5.0,1,GKQX,19.0
HOUSE-MI,GKQX,-5.0,1,GKQX,23.0
HOUSE-NY,GKQX,-5.0,1,GKQX,27.0
HOUSE-SD,GKQX,-5.0,1,GKQX,25.0
HOUSE-SF,GKQX,-5.0,1,GKQX,29.0
HOUSE-US,GKQX,-5.0,1,GKQX,15.0
HSCEI-DIV,Z,-250.0,-1,Z,22.0
HUFEUR,HMUZ,-5.0,1,HMUZ,19.0
IBEX,FGHJKMNQUVXZ,-10.0,1,FGHJKMNQUVXZ,15.0
IBEX_mini,FGHJKMNQUVXZ,-10.0,1,FGHJKMNQUVXZ,15.0
IG,FGHJKMNQUVXZ,-5.0,1,FGHJKMNQUVXZ,3.0
IND-BANK,FGHJKMNQUVXZ,-5.0,1,FGHJKMNQUVXZ,15.0
IND-FIN,FGHJKMNQUVXZ,-5.0,1,FGHJKMNQUVXZ,15.0
INR,FGHJKMNQUVXZ,-10.0,1,FGHJKMNQUVXZ,15.0
INR-SGX,FGHJKMNQUVXZ,-10.0,1,FGHJKMNQUVXZ,15.0
INR-SGX1,FGHJKMNQUVXZ,-5.0,1,FGHJKMNQUVXZ,14.0
INR-SGX2,FGHJKMNQUVXZ,-5.0,1,FGHJKMNQUVXZ,24.0
INR-micro,FGHJKMNQUVXZ,-10.0,1,FGHJKMNQUVXZ,15.0
IPC,FGHJKMNQUVXZ,-5.0,1,FGHJKMNQUVXZ,15.0
IRON,FGHJKMNQUVXZ,-60.0,-1,FGHJKMNQUVXZ,27.0
IRON-CME,FGHJKMNQUVXZ,-5.0,1,FGHJKMNQUVXZ,20.0
IRON-HK,FGHJKMNQUVXZ,-5.0,1,FGHJKMNQUVXZ,16.0
IRS,HMUZ,-10.0,1,HMUZ,15.0
JGB,HMUZ,-20.0,1,HMUZ,15.0
JGB-SGX-mini,HMUZ,-20.0,1,HMUZ,15.0
JGB-mini,HMUZ,-20.0,1,HMUZ,15.0
JP-REALESTATE,HMUZ,-5.0,1,HMUZ,15.0
JPY,HMUZ,-5.0,1,HMUZ,17.0
JPY-SGX,FGHJKMNQUVXZ,-5.0,1,FGHJKMNQUVXZ,15.0
JPY-SGX-TITAN,FGHJKMNQUVXZ,-5.0,1,FGHJKMNQUVXZ,18.0
JPYINR,FGHJKMNQUVXZ,-10.0,1,FGHJKMNQUVXZ,20.0
JPY_micro,HMUZ,-5.0,1,HMUZ,20.0
JPY_mini,HMUZ,-5.0,1,HMUZ,17.0
KOSDAQ,HMUZ,-1.0,1,HMUZ,13.0
KOSPI,HMUZ,-1.0,1,HMUZ,13.0
KOSPI300,HMUZ,-5.0,1,HMUZ,20.0
KOSPI_mini,FGHJKMNQUVXZ,-1.0,1,FGHJKMNQUVXZ,13.0
KR10,HMUZ,-1.0,1,HMUZ,18.0
KR3,HMUZ,-1.0,1,HMUZ,18.0
KRWJPY,FGHJKMNQUVXZ,-5.0,1,FGHJKMNQUVXZ,18.0
KRWUSD,FGHJKMNQUVXZ,-10.0,1,FGHJKMNQUVXZ,15.0
KRWUSD_mini,FGHJKMNQUVXZ,-10.0,1,FGHJKMNQUVXZ,15.0
LEAD_LME,FGHJKMNQUVXZ,-45.0,1,FGHJKMNQUVXZ,14.0
LEANHOG,GJMNQVZ,-60.0,-1,GJKMNQVZ,13.0
LIBOR1,FGHJKMNQUVXZ,-5.0,1,FGHJKMNQUVXZ,15.0
LIVECOW,GJMQVZ,-60.0,-1,GJMQVZ,28.0
LUMBER,FHKNUX,-50.0,1,FHKNUX,15.0
LUMBER-new,FHKNUX,-50.0,1,FHKNUX,15.0
MARS-ARGUS,FGHJKMNQUVXZ,-5.0,1,FGHJKMNQUVXZ,19.0
MIB,HMUZ,-5.0,1,HMUZ,20.0
MIB-DIVI,MZ,-5.0,1,MZ,19.0
MIB_micro,HMUZ,-5.0,1,HMUZ,18.0
MIB_mini,HMUZ,-5.0,1,HMUZ,18.0
MID-DAX,HMUZ,-5.0,1,HMUZ,15.0
MILK,FGHJKMNQUVXZ,-60.0,-1,FGHJKMNQUVXZ,14.0
MILKDRY,FGHJKMNQUVXZ,-180.0,-1,FGHJKMNQUVXZ,18.0
MILKWET,FGHJKMNQUVXZ,-90.0,-1,FGHJKMNQUVXZ,15.0
MILLWHEAT,HKUZ,-60.0,-1,HKUZ,9.0
MSCIASIA,HMUZ,-5.0,1,HMUZ,15.0
MSCIBRAZIL,HMUZ,-5.0,1,HMUZ,15.0
MSCIEAFA,HMUZ,-5.0,1,HMUZ,19.0
MSCIEM,HJKMUZ,-10.0,1,HJKMUZ,17.0
MSCIEM-LIFFE,HMUZ,-5.0,1,HMUZ,15.0
MSCIEMASIA,M,-5.0,1,M,17.0
MSCIEURONET,HMUZ,-5.0,1,HMUZ,19.0
MSCIEURONET-ICE,HMUZ,-5.0,1,HMUZ,15.0
MSCIEUROPE,HJKMUZ,-10.0,1,HJKMUZ,17.0
MSCIEUROPE-ICE,HMUZ,-5.0,1,HMUZ,15.0
MSCIEUROPE-LIFFE,HMUZ,-5.0,1,HMUZ,20.0
MSCIINDO,FGHJKMNQUVXZ,-5.0,1,FGHJKMNQUVXZ,21.0
MSCIJAPAN,HMUZ,-5.0,1,HMUZ,20.0
MSCIJAPAN-LIFFE,HMUZ,-5.0,1,HMUZ,20.0
MSCILATIN,HMUZ,-5.0,1,HMUZ,20.0
MSCIPANEURO-LIFFE,HMUZ,-5.0,1,HMUZ,21.0
MSCISING,FGHJKMNQUVXZ,-5.0,1,FGHJKMNQUVXZ,27.0
MSCITAIWAN,FGHJKMNQUVXZ,-5.0,1,FGHJKMNQUVXZ,24.0
MSCIUSA,HMUZ,-5.0,1,HMUZ,19.0
MSCIWORLD,HMUZ,-5.0,1,HMUZ,15.0
MSCIWORLD-MINVOL,HMUZ,-5.0,1,HMUZ,15.0
MSCIWORLDNET-EUR,HMUZ,-5.0,1,HMUZ,19.0
MSCIWORLDNET-USD,HMUZ,-5.0,1,HMUZ,19.0
MUMMY,HMUZ,-5.0,1,HMUZ,14.0
MXP,HMUZ,-5.0,1,HMUZ,17.0
NASDAQ,HMUZ,-5.0,1,HMUZ,14.0
NASDAQ_micro,HMUZ,-5.0,1,HMUZ,14.0
NASDAQ_mini,HMZ,-5.0,1,HMZ,18.0
NICKEL_LME,FGHJKMNQUVXZ,-45.0,1,FGHJKMNQUVXZ,14.0
NIFTY,FGHJKMNQUVXZ,-10.0,1,FGHJKMNQUVXZ,15.0
NIFTY-IN,FGHJKMNQUVXZ,-10.0,1,FGHJKMNQUVXZ,20.0
NIKKEI,HMUZ,-5.0,1,FGHJKMNQUVXZ,14.0
NIKKEI-CME,HMUZ,-5.0,1,HMUZ,19.0
NIKKEI-JPY,FGHJKMNUVXZ,-10.0,1,FGHJKMNUVXZ,19.0
NIKKEI-JPY_mini,HMUZ,-10.0,1,HMUZ,15.0
NIKKEI-SGX,FGHJKMNQUVXZ,-10.0,1,FGHJKMNQUVXZ,21.0
NIKKEI-SGX-DIV,Z,-10.0,1,Z,20.0
NIKKEI-SGX-USD,HMUZ,-10.0,1,HMUZ,14.0
NIKKEI-SGX_mini,FGHJKMNQUVXZ,-10.0,1,FGHJKMNQUVXZ,18.0
NIKKEI400,HMUZ,-5.0,1,HMUZ,14.0
NIKKEI_large,HMUZ,-5.0,1,HMUZ,19.0
NZD,HMUZ,-10.0,1,HMUZ,17.0
OAT,HMUZ,-5.0,1,HMUZ,6.0
OAT5,HMUZ,-5.0,1,HMUZ,20.0
OATIES,HKNUZ,-90.0,-1,HKNUZ,14.0
OJ,FHKNUX,-40.0,1,FHKNUX,9.0
OMX,HMUZ,-10.0,1,HMUZ,15.0
OMX-SWE,FGHJKMNQUVXZ,-5.0,1,FGHJKMNQUVXZ,19.0
OMXESG,FGHJKMNQUVXZ,-5.0,1,FGHJKMNQUVXZ,13.0
OMXSB,HMUZ,-5.0,1,HMUZ,-14.0
PALLAD,HMUZ,-30.0,1,HMUZ,26.0
PIPELINE,FGHJKMNQUVXZ,-5.0,1,FGHJKMNQUVXZ,27.0
PLAT,FJNV,-30.0,1,FJNV,26.0
PLAT-JPN,GJMQVZ,-5.0,1,GJMQVZ,24.0
PLAT-JPN_mini,GJMQVZ,-5.0,1,GJMQVZ,23.0
PLZEUR,HMUZ,-5.0,1,HMUZ,12.0
R1000,HMUZ,-10.0,1,HMUZ,18.0
R1000GROWTH-mini,HMUZ,-10.0,1,HMUZ,18.0
R1000_mini,HMUZ,-10.0,1,HMUZ,18.0
RAPESEED,GKQX,-60.0,-1,GKQX,27.0
REDWHEAT,HKNUZ,-90.0,-1,HKNUZ,14.0
RICE,FHKNUX,-90.0,-1,FHKNUX,14.0
ROBUSTA,FHKNUX,-50.0,-1,FHKNUX,24.0
RUBBER,FGHJKMNQUVXZ,-30.0,1,FGHJKMNQUVXZ,-1.0
RUBBER-RSS,FGHJKMNQUVXZ,-87.0,1,FGHJKMNQUVXZ,24.0
RUR,HMUZ,-5.0,1,HMUZ,17.0
RUSSELL,HMUZ,-5.0,1,HMUZ,15.0
RUSSELL-GROWTH,HMUZ,-5.0,1,HMUZ,17.0
RUSSELL-VALUE,HMUZ,-5.0,1,HMUZ,17.0
RUSSELL_mini,HMUZ,-5.0,1,HMUZ,15.0
SARONA,HMUZ,-200.0,-1,HMUZ,19.0
SGD,FGHJKMNQUVXZ,-10.0,1,FGHJKMNQUVXZ,15.0
SGD_mini,FGHJKMNQUVXZ,-10.0,1,FGHJKMNQUVXZ,15.0
SGX,FGHJKMNQUVXZ,-10.0,1,FGHJKMNQUVXZ,15.0
SHATZ,HMUZ,-5.0,1,HMUZ,6.0
SILVER,HKNUZ,-45.0,-1,FGHJKMNQUVXZ,26.0
SILVER-mini,FHKNUZ,-45.0,-1,FHKNUZ,-5.0
SING-REALESTATE,FGHJKMNQUVXZ,-5.0,1,FGHJKMNQUVXZ,23.0
SMI,HMUZ,-5.0,1,HMUZ,14.0
SMI-DIV,Z,-5.0,1,Z,19.0
SMI-MID,HMUZ,-5.0,1,HMUZ,14.0
SMIETF,HMUZ,-5.0,1,HMUZ,19.0
SOFR,HMUZ,-1000.0,-1,HMUZ,18.0
SOFR1,HMUZ,-200.0,-1,HMUZ,5.0
SONIA,HMUZ,-5.0,1,HMUZ,14.0
SONIA1,FGHJKMNQUVXZ,-5.0,1,FGHJKMNQUVXZ,27.0
SONIA3,HMUZ,-1000.0,-1,HMUZ,9.0
SOYBEAN,X,-60.0,-1,FHKNQUX,13.0
SOYBEAN_mini,FHKNQUX,-45.0,1,FHKNQUX,13.0
SOYMEAL,FHKNQUVZ,-90.0,-1,FHKNQUVZ,14.0
SOYOIL,FHKNQUVZ,-90.0,-1,FHKNQUVZ,14.0
SP400,HMUZ,-5.0,1,HMUZ,15.0
SP500,HMUZ,-5.0,1,HMUZ,14.0
SP500-GROWTH,HMZ,-5.0,1,HMZ,19.0
SP500-VALUE,HMZ,-5.0,1,HMZ,18.0
SP500_micro,HMUZ,-5.0,1,HMUZ,14.0
SP500_mini,HMUZ,-5.0,1,HMUZ,17.0
SP600-SMALL,HMUZ,-5.0,1,HMUZ,19.0
SPI200,HMUZ,-30.0,1,FGHJKMNQUVXZ,14.0
STEEL,FGHJKMNQUVXZ,-90.0,-1,FGHJKMNQUVXZ,15.0
STERLING3,HMUZ,-30.0,1,FGHJKMNQUVXZ,15.0
SUGAR11,HKNV,-60.0,-1,HKNV,-2.0
SUGAR16,FHKNUX,-60.0,-1,FHKNUX,7.0
SUGAR_WHITE,HKQVZ,-60.0,-1,HKQVZ,-2.0
SWISSLEAD,HMUZ,-5.0,1,HMUZ,14.0
TECDAX,HMUZ,-5.0,1,HMUZ,19.0
THB,FGHJKMNQUVXZ,-10.0,1,FGHJKMNQUVXZ,29.0
TIN_LME,FGHJKMNQUVXZ,-45.0,1,FGHJKMNQUVXZ,14.0
TOPIX,HMUZ,-5.0,1,HMUZ,14.0
TOPIX30,HMUZ,-5.0,1,HMUZ,13.0
TOPIX_Large,HMUZ,-5.0,1,HMUZ,15.0
TSE60,HMUZ,-5.0,1,HMUZ,14.0
TSX,HMUZ,-5.0,1,HMUZ,16.0
TWD,FGHJKMNQUVXZ,-5.0,1,FGHJKMNQUVXZ,15.0
TWD-mini,FGHJKMNQUVXZ,-5.0,1,FGHJKMNQUVXZ,15.0
UMBS-20,FGHJKZ,-5.0,1,FGHJKZ,15.0
UMBS-25,FGHJKZ,-5.0,1,FGHJKZ,15.0
UMBS-30,FGHJKZ,-5.0,1,FGHJKZ,15.0
UMBS-35,FGHJKZ,-5.0,1,FGHJKZ,15.0
UMBS-40,FGHJKZ,-5.0,1,FGHJKZ,15.0
UMBS-45,FGHJKZ,-5.0,1,FGHJKZ,15.0
UMBS-50,FGHJKZ,-5.0,1,FGHJKZ,15.0
URANIUM,FGHJKMNQUVXZ,-5.0,1,FGHJKMNQUVXZ,17.0
US-BIOTECH,HMUZ,-5.0,1,HMUZ,21.0
US-DISCRETE,HMUZ,-5.0,1,HMUZ,15.0
US-ENERGY,HMUZ,-5.0,1,HMUZ,15.0
US-FINANCE,HMUZ,-5.0,1,HMUZ,15.0
US-HEALTH,HMUZ,-5.0,1,HMUZ,15.0
US-INDUSTRY,HMUZ,-5.0,1,HMUZ,15.0
US-INSURE,HMUZ,-5.0,1,HMUZ,20.0
US-MATERIAL,HMUZ,-5.0,1,HMUZ,15.0
US-OILGAS,HMUZ,-5.0,1,HMUZ,18.0
US-PROPERTY,HMUZ,-5.0,1,HMUZ,15.0
US-REALESTATE,HMUZ,-2.0,1,HMUZ,17.0
US-REGBANK,HMUZ,-5.0,1,HMUZ,20.0
US-RETAIL,HMUZ,-5.0,1,HMUZ,21.0
US-SEMICONDUCTOR,HMUZ,-5.0,1,HMUZ,20.0
US-STAPLES,HMUZ,-5.0,1,HMUZ,15.0
US-TECH,HMUZ,-5.0,1,HMUZ,15.0
US-UTILS,HMUZ,-5.0,1,HMUZ,15.0
US10,HMUZ,-25.0,1,HMUZ,19.0
US10U,HMUZ,-25.0,1,HMUZ,19.0
US10Y_micro,FGHJKMNQUVXZ,-5.0,1,FGHJKMNQUVXZ,29.0
US10Y_small,FGHJKMNQUVXZ,-5.0,1,FGHJKMNQUVXZ,15.0
US2,HMUZ,-25.0,1,HMUZ,19.0
US20,HMUZ,-25.0,1,HMUZ,19.0
US20-new,HMUZ,-25.0,1,HMUZ,19.0
US2Y_micro,FGHJKMNQUVXZ,-5.0,1,FGHJKMNQUVXZ,29.0
US2Y_small,FGHJKMNQUVXZ,-5.0,1,FGHJKMNQUVXZ,15.0
US3,HMUZ,-25.0,1,HMUZ,19.0
US30,HMUZ,-25.0,1,HMUZ,19.0
US30Y_micro,FGHJKMNQUVXZ,-5.0,1,FGHJKMNQUVXZ,29.0
US30Y_small,FGHJKMNQUVXZ,-5.0,1,FGHJKMNQUVXZ,14.0
US5,HMUZ,-25.0,1,HMUZ,19.0
US5Y_micro,FGHJKMNQUVXZ,-5.0,1,FGHJKMNQUVXZ,28.0
USDCAD_micro,HMUZ,-5.0,1,HMUZ,19.0
USDCHF_micro,FGHJKMNQUVXZ,-10.0,1,FGHJKMNQUVXZ,15.0
USDCNH-CME,FGHJKMNQUVXZ,-5.0,1,FGHJKMNQUVXZ,20.0
USDCNH-HK,FGHJKMNQUVXZ,-5.0,1,FGHJKMNQUVXZ,14.0
USDCNH-SGX_mini,FGHJKMNQUVXZ,-5.0,1,FGHJKMNQUVXZ,15.0
USDINR,FGHJKMNQUVXZ,-5.0,1,FGHJKMNQUVXZ,15.0
USDKRW,HMUZ,-10.0,1,HMUZ,15.0
USDMXP,FGHJKMNQUVXZ,-10.0,1,FGHJKMNQUVXZ,15.0
USIRS10,HMUZ,-20.0,1,HMUZ,15.0
USIRS10ERIS,HMZ,-5.0,1,HMZ,19.0
USIRS12ERIS,HMUZ,-5.0,1,HMUZ,-62.0
USIRS15ERIS,HMUZ,-5.0,1,HMUZ,-58.0
USIRS2,HMZ,-5.0,1,HMZ,19.0
USIRS20ERIS,HMUZ,-5.0,1,HMUZ,-18.0
USIRS2ERIS,HMUZ,-740.0,1,HMUZ,15.0
USIRS30,HMZ,-5.0,1,HMZ,19.0
USIRS3ERIS,HMUZ,-5.0,1,HMUZ,19.0
USIRS4ERIS,HMUZ,-5.0,1,HMUZ,19.0
USIRS5,HMUZ,-20.0,1,HMUZ,15.0
USIRS5ERIS,HMUZ,-1835.0,1,HMUZ,15.0
USIRS5ERIS_SOFR,HMUZ,-1835.0,1,HMUZ,15.0
USIRS7ERIS,HMUZ,-5.0,1,HMUZ,19.0
V2X,FGHJKMNQUVXZ,-60.0,-1,FGHJKMNQUVXZ,19.0
VHANG,FGHJKMNQUVXZ,-5.0,1,FGHJKMNQUVXZ,26.0
VIX,FGHJKMNQUVXZ,-60.0,-1,FGHJKMNQUVXZ,19.0
VIX_mini,FGHJKMNQUVXZ,-60.0,-1,FGHJKMNQUVXZ,19.0
VNKI,FGHJKMNQUVXZ,-60.0,-1,FGHJKMNQUVXZ,15.0
VOLQ,FGHJKMNQVXZ,-5.0,1,FGHJKMNQVXZ,17.0
WATER-CALI,FGHJKMNQUXZ,-5.0,1,FGHJKMNQUXZ,16.0
WHEAT,Z,-60.0,-1,HKNUZ,13.0
WHEAT-ASX,FHKNU,-5.0,1,FHKNU,13.0
WHEAT_ICE,KX,-100.0,-1,XFHKN,6.0
WHEAT_mini,HKNUZ,-30.0,1,HKNUZ,13.0
WHEY,FGHJKMNQUVXZ,-40.0,-1,FGHJKMNQUVXZ,15.0
YENEUR,HMUZ,-5.0,1,HMUZ,15.0
YENEUR-ICE,HMUZ,-5.0,1,HMUZ,14.0
ZAR,HMUZ,-5.0,1,HMUZ,12.0
ZINC_LME,FGHJKMNQUVXZ,-45.0,1,FGHJKMNQUVXZ,14.0
AW,HMUZ,-30.0,1,HMUZ,12.0
GD,FGHJKMNQUVXZ,-30.0,1,FGHJKMNQUVXZ,11.0
CB,FGHJKMNQUVXZ,-30.0,-1,FGHJKMNQUVXZ,-5.0
GNF,FGHJKMNQUVXZ,-30.0,-1,FGHJKMNQUVXZ,-5.0
GDK,FGHJKMNQUVXZ,-30.0,-1,FGHJKMNQUVXZ,-5.0
DY,FGHJKMNQUVXZ,-30.0,-1,FGHJKMNQUVXZ,-5.0
ZC,HKNUZ,-30.0,-1,HKNUZ,10.0
ZW,HKNUZ,-30.0,-1,HKNUZ,10.0
KE,HKNUZ,-30.0,-1,HKNUZ,10.0
ZR,FHKNUX,-30.0,-1,FHKNUX,10.0
XC,HKNUZ,-30.0,1,HKNUZ,10.0
ZO,HKNUZ,-30.0,-1,HKNUZ,10.0
XW,HKNUZ,-30.0,1,HKNUZ,10.0
LE,GJMQVZ,-30.0,-1,GJMQVZ,26.0
HE,GJKMNQVZ,-30.0,-1,GJKMNQVZ,10.0
GF,FHJKQUVX,-30.0,-1,FHJKQUVX,26.0
LBR,FHKNUX,-30.0,-1,FHKNUX,11.0
ZS,FHKNQUX,-30.0,-1,FHKNQUX,10.0
ZM,FHKNQUVZ,-30.0,-1,FHKNQUVZ,10.0
ZL,FHKNQUVZ,-30.0,-1,FHKNQUVZ,10.0
XK,FHKNQUX,-30.0,1,FHKNQUX,10.0
BTC,HMUZ,-5.0,1,HMUZ,26.0
MBT,HMUZ,-5.0,1,HMUZ,26.0
MET,HMUZ,-5.0,1,HMUZ,22.0
ETH,HMUZ,-5.0,1,HMUZ,26.0
CL,FGHJKMNQUVXZ,-20.0,-1,FGHJKMNQUVXZ,-12.0
BZ,FGHJKMNQUVXZ,-20.0,-1,FGHJKMNQUVXZ,-68.0
MCL,FGHJKMNQUVXZ,-20.0,-1,FGHJKMNQUVXZ,-13.0
QM,FGHJKMNQUVXZ,-20.0,-1,FGHJKMNQUVXZ,-13.0
NG,FGHJKMNQUVXZ,-20.0,-1,FGHJKMNQUVXZ,-7.0
HH,FGHJKMNQUVXZ,-20.0,-1,FGHJKMNQUVXZ,-7.0
QG,FGHJKMNQUVXZ,-20.0,1,FGHJKMNQUVXZ,25.0
RB,FGHJKMNQUVXZ,-20.0,-1,FGHJKMNQUVXZ,-5.0
HO,FGHJKMNQUVXZ,-20.0,-1,FGHJKMNQUVXZ,-5.0
QU,FGHJKMNQUVXZ,-20.0,1,FGHJKMNQUVXZ,-6.0
MRB,FGHJKMNQUVXZ,-20.0,1,FGHJKMNQUVXZ,-6.0
QH,FGHJKMNQUVXZ,-20.0,1,FGHJKMNQUVXZ,-6.0
YM,HMUZ,-10.0,1,HMUZ,12.0
RX,HMUZ,-10.0,1,HMUZ,12.0
MYM,HMUZ,-10.0,1,HMUZ,12.0
NQ,HMUZ,-10.0,1,HMUZ,12.0
MNQ,HMUZ,-10.0,1,HMUZ,12.0
RTY,HMUZ,-10.0,1,HMUZ,12.0
M2K,HMUZ,-10.0,1,HMUZ,12.0
RS1,HMUZ,-10.0,1,HMUZ,12.0
R2G,HMUZ,-10.0,1,HMUZ,12.0
RSG,HMUZ,-10.0,1,HMUZ,12.0
ES,HMUZ,-10.0,1,HMUZ,12.0
MES,HMUZ,-10.0,1,HMUZ,12.0
EMD,HMUZ,-10.0,1,HMUZ,12.0
XAF,HMUZ,-10.0,1,HMUZ,12.0
XAE,HMUZ,-10.0,1,HMUZ,12.0
XAI,HMUZ,-10.0,1,HMUZ,12.0
XAU,HMUZ,-10.0,1,HMUZ,12.0
XAV,HMUZ,-10.0,1,HMUZ,12.0
XAP,HMUZ,-10.0,1,HMUZ,12.0
XAK,HMUZ,-10.0,1,HMUZ,12.0
XAR,HMUZ,-10.0,1,HMUZ,12.0
XAB,HMUZ,-10.0,1,HMUZ,12.0
XAY,HMUZ,-10.0,1,HMUZ,12.0
XAZ,HMUZ,-10.0,1,HMUZ,12.0
6M,HMUZ,-5.0,1,HMUZ,10.0
6L,FGHJKMNQUVXZ,-5.0,1,FGHJKMNQUVXZ,-5.0
6Z,HMUZ,-5.0,1,HMUZ,10.0
SIR,HMUZ,-5.0,1,HMUZ,24.0
PLN,HMUZ,-5.0,1,HMUZ,10.0
KRW,HMUZ,-5.0,1,HMUZ,10.0
TRL,HMUZ,-5.0,1,HMUZ,10.0
ILS,HMUZ,-5.0,1,HMUZ,10.0
HUF,HMUZ,-5.0,1,HMUZ,10.0
CZK,HMUZ,-5.0,1,HMUZ,10.0
6E,HMUZ,-5.0,1,HMUZ,8.0
6B,HMUZ,-5.0,1,HMUZ,10.0
6J,HMUZ,-5.0,1,HMUZ,10.0
6C,HMUZ,-5.0,1,HMUZ,11.0
6A,HMUZ,-5.0,1,HMUZ,10.0
6S,HMUZ,-5.0,1,HMUZ,10.0
6N,HMUZ,-5.0,1,HMUZ,10.0
M6E,HMUZ,-5.0,1,HMUZ,10.0
E7,HMUZ,-5.0,1,HMUZ,10.0
M6A,HMUZ,-5.0,1,HMUZ,10.0
M6B,HMUZ,-5.0,1,HMUZ,10.0
MCD,HMUZ,-5.0,1,HMUZ,11.0
NOK,HMUZ,-5.0,1,HMUZ,10.0
SEK,HMUZ,-5.0,1,HMUZ,10.0
MSF,HMUZ,-5.0,1,HMUZ,10.0
J7,HMUZ,-5.0,1,HMUZ,10.0
MIR,FGHJKMNQUVXZ,-5.0,1,FGHJKMNQUVXZ,23.0
SR3,HMUZ,-1000.0,-1,HMUZ,11.0
GE,HMUZ,-1000.0,-1,HMUZ,10.0
ZQ,FGHJKMNQUVXZ,-180.0,-1,FGHJKMNQUVXZ,26.0
SR1,FGHJKMNQUVXZ,-200.0,-1,FGHJKMNQUVXZ,26.0
ZF,HMUZ,-30.0,1,HMUZ,26.0
ZN,HMUZ,-30.0,1,HMUZ,19.0
ZT,HMUZ,-30.0,1,HMUZ,26.0
TN,HMUZ,-30.0,1,HMUZ,19.0
UB,HMUZ,-30.0,1,HMUZ,19.0
ZB,HMUZ,-30.0,1,HMUZ,19.0
Z3N,HMUZ,-30.0,1,HMUZ,26.0
10Y,FGHJKMNQUVXZ,-5.0,1,FGHJKMNQUVXZ,26.0
2YY,FGHJKMNQUVXZ,-5.0,1,FGHJKMNQUVXZ,26.0
TWE,HMUZ,-30.0,1,HMUZ,17.0
30Y,FGHJKMNQUVXZ,-5.0,1,FGHJKMNQUVXZ,26.0
5YY,FGHJKMNQUVXZ,-5.0,1,FGHJKMNQUVXZ,26.0
HG,HKNUZ,-40.0,-1,HKNUZ,23.0
ALI,FGHJKMNQUVXZ,-40.0,-1,FGHJKMNQUVXZ,23.0
MHG,HKNUZ,-40.0,1,HKNUZ,-7.0
QC,HKNUZ,-40.0,1,HKNUZ,-7.0
HRC,FGHJKMNQUVXZ,-40.0,1,FGHJKMNQUVXZ,25.0
UX,FGHJKMNQUVXZ,-40.0,1,FGHJKMNQUVXZ,23.0
GC,GJMQVZ,-40.0,-1,GJMQVZ,23.0
SI,FHKNUZ,-40.0,-1,FHKNUZ,23.0
PL,FJNV,-40.0,1,FJNV,26.0
MGC,GJMQVZ,-40.0,-1,GJMQVZ,23.0
PA,HMUZ,-40.0,-1,HMUZ,23.0
SIL,FHKNUZ,-40.0,1,FHKNUZ,23.0
QO,GJMQVZ,-40.0,1,GJMQVZ,-7.0
QI,FHKNUZ,-40.0,-1,FHKNUZ,-7.0
SGU,GJMQVZ,-40.0,1,GJMQVZ,23.0
SIL_syn,FHKNUZ,-40.0,1,FHKNUZ,23.0
QI_syn,FHKNUZ,-40.0,-1,FHKNUZ,-7.0
MGC_syn,GJMQVZ,-40.0,-1,GJMQVZ,23.0
QO_syn,GJMQVZ,-40.0,1,GJMQVZ,-7.0
QC_syn,HKNUZ,-40.0,1,HKNUZ,-7.0
MCD_syn,HMUZ,-5.0,1,HMUZ,11.0
M6B_syn,HMUZ,-5.0,1,HMUZ,10.0
M6A_syn,HMUZ,-5.0,1,HMUZ,10.0
MSF_syn,HMUZ,-5.0,1,HMUZ,10.0
M6E_syn,HMUZ,-5.0,1,HMUZ,10.0
MES_syn,HMUZ,-10.0,1,HMUZ,12.0
M2K_syn,HMUZ,-10.0,1,HMUZ,12.0
MNQ_syn,HMUZ,-10.0,1,HMUZ,12.0
MYM_syn,HMUZ,-10.0,1,HMUZ,12.0
QH_syn,FGHJKMNQUVXZ,-20.0,1,FGHJKMNQUVXZ,-6.0
MRB_syn,FGHJKMNQUVXZ,-20.0,1,FGHJKMNQUVXZ,-6.0
QU_syn,FGHJKMNQUVXZ,-20.0,1,FGHJKMNQUVXZ,-6.0
QG_syn,FGHJKMNQUVXZ,-20.0,1,FGHJKMNQUVXZ,25.0
MCL_syn,FGHJKMNQUVXZ,-20.0,-1,FGHJKMNQUVXZ,-13.0
QM_syn,FGHJKMNQUVXZ,-20.0,-1,FGHJKMNQUVXZ,-13.0
MBT_syn,HMUZ,-5.0,1,HMUZ,26.0
XK_syn,FHKNQUX,-30.0,1,FHKNQUX,10.0
XW_syn,HKNUZ,-30.0,1,HKNUZ,10.0
XC_syn,HKNUZ,-30.0,1,HKNUZ,10.0
